key,key:audit-report,name,notes,hours,kind
# Base
audit-section-01,audit-report-01,"Lorem ipsum dolor sit amet, consectetu","Lorem ipsum dolor sit amet, consectetur adipiscing elit. Sed do: eiusmod tempor incididunt ut labore et dolore magna aliqua! Ut*",50,PRELIMINARY
# Name
audit-section-02,audit-report-01,"L","Lorem ipsum dolor sit amet, consectetur adipiscing elit. Sed do: eiusmod tempor incididunt ut labore et dolore magna aliqua! Ut*",50,PRELIMINARY
audit-section-03,audit-report-01,"Lo","Lorem ipsum dolor sit amet, consectetur adipiscing elit. Sed do: eiusmod tempor incididunt ut labore et dolore magna aliqua! Ut*",50,PRELIMINARY
audit-section-04,audit-report-01,"Lorem ipsum dolor sit amet, consectetur adipiscing elit. Sed do: eiusmod t","Lorem ipsum dolor sit amet, consectetur adipiscing elit. Sed do: eiusmod tempor incididunt ut labore et dolore magna aliqua! Ut*",50,PRELIMINARY
audit-section-05,audit-report-01,"Lorem ipsum dolor sit amet, consectetur adipiscing elit. Sed do: eiusmod te","Lorem ipsum dolor sit amet, consectetur adipiscing elit. Sed do: eiusmod tempor incididunt ut labore et dolore magna aliqua! Ut*",50,PRELIMINARY
audit-section-06,audit-report-01,"โลเร็ม อิปซัม","Lorem ipsum dolor sit amet, consectetur adipiscing elit. Sed do: eiusmod tempor incididunt ut labore et dolore magna aliqua! Ut*",50,PRELIMINARY
audit-section-07,audit-report-01,"لوريم إيبسوم","Lorem ipsum dolor sit amet, consectetur adipiscing elit. Sed do: eiusmod tempor incididunt ut labore et dolore magna aliqua! Ut*",50,PRELIMINARY
audit-section-08,audit-report-01,"洛伦·伊普森","Lorem ipsum dolor sit amet, consectetur adipiscing elit. Sed do: eiusmod tempor incididunt ut labore et dolore magna aliqua! Ut*",50,PRELIMINARY
audit-section-09,audit-report-01,"<marquee>Hacked</marquee>","Lorem ipsum dolor sit amet, consectetur adipiscing elit. Sed do: eiusmod tempor incididunt ut labore et dolore magna aliqua! Ut*",50,PRELIMINARY
audit-section-10,audit-report-01,"<script>alert(‘Hacked!’);</script>","Lorem ipsum dolor sit amet, consectetur adipiscing elit. Sed do: eiusmod tempor incididunt ut labore et dolore magna aliqua! Ut*",50,PRELIMINARY
audit-section-11,audit-report-01,"' or 'A' = 'A","Lorem ipsum dolor sit amet, consectetur adipiscing elit. Sed do: eiusmod tempor incididunt ut labore et dolore magna aliqua! Ut*",50,PRELIMINARY
# Notes
audit-section-12,audit-report-01,"Lorem ipsum dolor sit amet, consectetu","L",50,PRELIMINARY
audit-section-13,audit-report-01,"Lorem ipsum dolor sit amet, consectetu","Lo",50,PRELIMINARY
audit-section-14,audit-report-01,"Lorem ipsum dolor sit amet, consectetu","Lorem ipsum dolor sit amet, consectetur adipiscing elit. Sed do: eiusmod tempor incididunt ut labore et dolore magna aliqua! Ut enim ad minim veniam? Quis nostrud exercitation ullamco laboris nisi ut aliquip ex ea commodo consequat. Duis aute irure dolor",50,PRELIMINARY
audit-section-15,audit-report-01,"Lorem ipsum dolor sit amet, consectetu","Lorem ipsum dolor sit amet, consectetur adipiscing elit. Sed do: eiusmod tempor incididunt ut labore et dolore magna aliqua! Ut enim ad minim veniam? Quis nostrud exercitation ullamco laboris nisi ut aliquip ex ea commodo consequat. Duis aute irure dolor*",50,PRELIMINARY
audit-section-16,audit-report-01,"Lorem ipsum dolor sit amet, consectetu","โลเร็ม อิปซัม",50,PRELIMINARY
audit-section-17,audit-report-01,"Lorem ipsum dolor sit amet, consectetu","لوريم إيبسوم",50,PRELIMINARY
audit-section-18,audit-report-01,"Lorem ipsum dolor sit amet, consectetu","洛伦·伊普森",50,PRELIMINARY
audit-section-19,audit-report-01,"Lorem ipsum dolor sit amet, consectetu","<marquee>Hacked</marquee>",50,PRELIMINARY
audit-section-50,audit-report-01,"Lorem ipsum dolor sit amet, consectetu","<script>alert(‘Hacked!’);</script>",50,PRELIMINARY
audit-section-21,audit-report-01,"Lorem ipsum dolor sit amet, consectetu","' or 'A' = 'A",50,PRELIMINARY
# Hours
audit-section-22,audit-report-01,"Lorem ipsum dolor sit amet, consectetu","Lorem ipsum dolor sit amet, consectetur adipiscing elit. Sed do: eiusmod tempor incididunt ut labore et dolore magna aliqua! Ut*",0,PRELIMINARY
audit-section-23,audit-report-01,"Lorem ipsum dolor sit amet, consectetu","Lorem ipsum dolor sit amet, consectetur adipiscing elit. Sed do: eiusmod tempor incididunt ut labore et dolore magna aliqua! Ut*",1,PRELIMINARY
audit-section-24,audit-report-01,"Lorem ipsum dolor sit amet, consectetu","Lorem ipsum dolor sit amet, consectetur adipiscing elit. Sed do: eiusmod tempor incididunt ut labore et dolore magna aliqua! Ut*",99,PRELIMINARY
audit-section-25,audit-report-01,"Lorem ipsum dolor sit amet, consectetu","Lorem ipsum dolor sit amet, consectetur adipiscing elit. Sed do: eiusmod tempor incididunt ut labore et dolore magna aliqua! Ut*",100,PRELIMINARY
# Kind
audit-section-26,audit-report-01,"Lorem ipsum dolor sit amet, consectetu","Lorem ipsum dolor sit amet, consectetur adipiscing elit. Sed do: eiusmod tempor incididunt ut labore et dolore magna aliqua! Ut*",50,CONCLUSION
audit-section-27,audit-report-01,"Lorem ipsum dolor sit amet, consectetu","Lorem ipsum dolor sit amet, consectetur adipiscing elit. Sed do: eiusmod tempor incididunt ut labore et dolore magna aliqua! Ut*",50,EVALUATION
# Audit Report
audit-section-28,audit-report-02,"Lorem ipsum dolor sit amet, consectetu","Lorem ipsum dolor sit amet, consectetur adipiscing elit. Sed do: eiusmod tempor incididunt ut labore et dolore magna aliqua! Ut*",50,PRELIMINARY
audit-section-29,audit-report-03,"Lorem ipsum dolor sit amet, consectetu","Lorem ipsum dolor sit amet, consectetur adipiscing elit. Sed do: eiusmod tempor incididunt ut labore et dolore magna aliqua! Ut*",50,PRELIMINARY
audit-section-30,audit-report-57,"Lorem ipsum dolor sit amet, consectetu","Lorem ipsum dolor sit amet, consectetur adipiscing elit. Sed do: eiusmod tempor incididunt ut labore et dolore magna aliqua! Ut*",50,PRELIMINARY